{
  "step": [
    100,
    200,
    300,
    400,
    500,
    600,
    700,
    800,
    900,
    1000,
    1100,
    1200,
    1300,
    1400,
    1500,
    1600,
    1700,
    1800,
    1900,
    2000,
    2100,
    2200,
    2300,
    2400,
    2500,
    2600,
    2700,
    2800,
    2900,
    3000,
    3100,
    3200,
    3300,
    3400,
    3500,
    3600,
    3700,
    3800,
    3900,
    4000,
    4100,
    4200,
    4300,
    4400,
    4500,
    4600
  ],
  "loss": [
    1.5526814931631088,
    0.5873701326549053,
    0.40577676638960836,
    0.33494713723659514,
    0.30701376050710677,
    0.3223829592764378,
    0.28899149641394617,
    0.289678069204092,
    0.2985849092900753,
    0.2645257680118084,
    0.26855999782681467,
    0.2724068310856819,
    0.2711114786565304,
    0.25315207824110986,
    0.2490871535241604,
    0.24210034921765328,
    0.23907784685492517,
    0.23341629803180694,
    0.24748060315847398,
    0.2340269173681736,
    0.22824674382805824,
    0.22700950160622596,
    0.21852556824684144,
    0.2200386978685856,
    0.22805749863386154,
    0.22783436819911004,
    0.21391468971967698,
    0.22021005630493165,
    0.21331129610538482,
    0.20815208107233046,
    0.2029085025191307,
    0.2074543896317482,
    0.20012742310762405,
    0.211592930406332,
    0.2069038363546133,
    0.20451271787285805,
    0.19749319776892663,
    0.19094654746353626,
    0.19839612916111946,
    0.18828524120151996,
    0.18522591158747673,
    0.1846814651787281,
    0.18157782047986984,
    0.18895647227764129,
    0.182954058945179,
    0.17721442975103854
  ],
  "loss_x": [
    1.5469788420200348,
    0.4495173949748278,
    0.1473119278252125,
    0.05301773840561509,
    0.037408031402155754,
    0.03430550141725689,
    0.027568768626078963,
    0.02320285824127495,
    0.030427913186140357,
    0.014551313850097359,
    0.016079336260445415,
    0.018421024053823204,
    0.023034936513286083,
    0.016891130050644278,
    0.013198543244507165,
    0.015464545225258917,
    0.010316767687909305,
    0.011861406930256635,
    0.015676391404122116,
    0.011606848041992635,
    0.01182790509192273,
    0.009419382767518983,
    0.008104141461662948,
    0.010134859392419458,
    0.012013847683556378,
    0.01005364018958062,
    0.00660153848992195,
    0.010580875693121924,
    0.009496562749845908,
    0.007978982328204438,
    0.007320844739442691,
    0.008131456039845943,
    0.005889060575282201,
    0.012595968098030425,
    0.007271832937840372,
    0.009242830608272926,
    0.007949770207051187,
    0.004685216863290407,
    0.004843032731441781,
    0.004183912164298817,
    0.004687228642287664,
    0.0037812205735826866,
    0.0035724268713966012,
    0.005116940175648779,
    0.00470605285721831,
    0.0036022293783025817
  ],
  "loss_u": [
    0.0057026534444048595,
    0.13785273782908916,
    0.25846483767032624,
    0.2819294008612633,
    0.2696057288348675,
    0.28807745754718783,
    0.26142272755503654,
    0.2664752107858658,
    0.2681569941341877,
    0.24997445374727248,
    0.2524806609749794,
    0.2539858065545559,
    0.24807654306292534,
    0.2362609487771988,
    0.2358886107802391,
    0.22663580358028412,
    0.22876107916235924,
    0.2215548910200596,
    0.2318042117357254,
    0.2224200700223446,
    0.21641883805394171,
    0.2175901174545288,
    0.2104214258491993,
    0.20990383863449097,
    0.2160436499118805,
    0.2177807268500328,
    0.20731315165758132,
    0.2096291795372963,
    0.20381473302841185,
    0.20017309814691545,
    0.19558765709400178,
    0.19932293385267258,
    0.19423836186528207,
    0.19899696230888367,
    0.19963200345635415,
    0.19526988677680493,
    0.189543427079916,
    0.18626133114099502,
    0.1935530970990658,
    0.18410132862627507,
    0.1805386832356453,
    0.18090024508535862,
    0.17800539307296276,
    0.18383953176438808,
    0.17824800595641135,
    0.17361220091581345
  ],
  "test_acc": [
    31.85,
    35.44,
    35.47,
    35.42,
    38.690000000000005,
    36.88,
    39.379999999999995,
    41.22,
    42.44,
    45.26,
    45.36,
    46.48,
    46.03,
    46.46,
    47.68,
    48.25,
    47.0,
    50.33,
    49.82,
    51.480000000000004,
    50.839999999999996,
    53.14,
    52.83,
    53.21,
    49.74,
    54.54,
    54.76,
    56.05,
    56.220000000000006,
    55.42,
    58.60999999999999,
    56.379999999999995,
    58.24,
    58.720000000000006,
    60.050000000000004,
    58.51,
    61.339999999999996,
    60.370000000000005,
    62.03999999999999,
    62.419999999999995,
    63.63999999999999,
    62.08,
    64.34,
    61.24000000000001,
    63.870000000000005,
    64.87
  ]
}