{
  "step": [
    100,
    200,
    300,
    400,
    500,
    600,
    700,
    800,
    900,
    1000,
    1100,
    1200,
    1300,
    1400,
    1500,
    1600,
    1700,
    1800,
    1900,
    2000,
    2100,
    2200,
    2300,
    2400,
    2500,
    2600,
    2700,
    2800,
    2900,
    3000,
    3100,
    3200,
    3300,
    3400,
    3500,
    3600,
    3700,
    3800,
    3900,
    4000,
    4100,
    4200,
    4300,
    4400,
    4500,
    4600,
    4700,
    4800,
    4900,
    5000,
    5100,
    5200,
    5300,
    5400,
    5500,
    5600,
    5700,
    5800,
    5900,
    6000,
    6100,
    6200,
    6300,
    6400,
    6500,
    6600,
    6700,
    6800,
    6900,
    7000,
    7100,
    7200,
    7300,
    7400,
    7500,
    7600,
    7700,
    7800,
    7900,
    8000,
    8100
  ],
  "loss": [
    1.2803884455561638,
    0.35795393466949466,
    0.2822622919082642,
    0.2599377402663231,
    0.2636819915473461,
    0.2450461721420288,
    0.2343640224635601,
    0.2315233813226223,
    0.22733392983675002,
    0.23057267367839812,
    0.23286829583346844,
    0.20761911202222108,
    0.22034192085266113,
    0.2002313669025898,
    0.22248505733907223,
    0.19922106966376305,
    0.19455481953918935,
    0.1979657881706953,
    0.16876872196793558,
    0.1772043066471815,
    0.16745960127562284,
    0.18358511678874492,
    0.15515218921005725,
    0.16657124496996403,
    0.17433555044233798,
    0.15984357491135598,
    0.1683684006333351,
    0.15616836428642272,
    0.15114962726831435,
    0.15941259264945984,
    0.1450426041148603,
    0.1524267854169011,
    0.13941426157951356,
    0.1294600279442966,
    0.12285547306761145,
    0.15718488782644272,
    0.16533493280410766,
    0.1370999863743782,
    0.13955655109137297,
    0.12554447401314975,
    0.14159980637952685,
    0.12405698895454406,
    0.12542791076004506,
    0.12145001515746116,
    0.125447294190526,
    0.1404310129210353,
    0.12275829710066319,
    0.16117826610803604,
    0.11656865680590273,
    0.12189370138570667,
    0.12912259882315993,
    0.11248127553611993,
    0.12360640110448003,
    0.1180477500334382,
    0.11652336952276528,
    0.1129277678579092,
    0.12066422529518604,
    0.1157783162035048,
    0.10907276898622513,
    0.10034493612125515,
    0.10797354238107801,
    0.11216531610116362,
    0.11504603125154972,
    0.10837764997035265,
    0.11655929870903492,
    0.10187964882701635,
    0.10308866944164037,
    0.11251004435122013,
    0.10104977291077376,
    0.08933591539040207,
    0.07947399253956973,
    0.08904230486135929,
    0.09493594944477081,
    0.10646490819752216,
    0.09769034571945667,
    0.08508594291284681,
    0.08280098669230938,
    0.09420858554542065,
    0.08262777221389114,
    0.05709188044071198,
    0.052006230112165215
  ],
  "loss_x": [
    1.2578148302435874,
    0.1263237891346216,
    0.016421506211627274,
    0.010794872366823256,
    0.013256621847394854,
    0.010846093464642763,
    0.006830960905645043,
    0.009370998044032604,
    0.0069094057020265606,
    0.00763722016941756,
    0.00880963365198113,
    0.003992721349932254,
    0.006575407600612379,
    0.004748176387511194,
    0.011032076264964417,
    0.00395779057405889,
    0.004522087094374001,
    0.005878482958651148,
    0.0021887062233872713,
    0.0027084131457377225,
    0.0029051645728759468,
    0.0030564197630155833,
    0.0027188326022587715,
    0.006282240603177343,
    0.00456833507923875,
    0.002896905231755227,
    0.00292398546327604,
    0.0022102314114454203,
    0.0019222643031389453,
    0.002636977220827248,
    0.001844415930681862,
    0.0019373300293227657,
    0.0019089645944768564,
    0.0012437673045496921,
    0.001359841513185529,
    0.00442145656212233,
    0.0028341583197470754,
    0.0014070079058001283,
    0.0018294789089122786,
    0.001203445240680594,
    0.0014018827793188394,
    0.0014714882044063416,
    0.0019246052391827106,
    0.001335745731339557,
    0.0015186826674471376,
    0.0021581349679036066,
    0.0013470714441791642,
    0.003975184983573854,
    0.0010115986076561967,
    0.0010582878599961986,
    0.0010740151153004263,
    0.000991202519799117,
    0.0013168535282602535,
    0.0012274001486366614,
    0.0016129231589729898,
    0.0008982390171149746,
    0.0009635676613834221,
    0.0008876156756014098,
    0.0012626697709492874,
    0.0005540863476198865,
    0.001108920105471043,
    0.0010826113203074783,
    0.001294048496056348,
    0.0011041932355146855,
    0.0014675456096301786,
    0.0008240491934702732,
    0.0013897760073450626,
    0.0025823953717917904,
    0.0007979693922243314,
    0.0004663243992399657,
    0.0004041876873452566,
    0.0005267536099563586,
    0.0005991375174926361,
    0.001054465211564093,
    0.0008150928617396858,
    0.0009147559438133612,
    0.0007443386563681997,
    0.0008332003115356201,
    0.0004825900402647676,
    0.0002113184873451246,
    0.0005962142127100378
  ],
  "loss_u": [
    0.02257361247793597,
    0.23163014501333237,
    0.2658407858014107,
    0.2491428682208061,
    0.2504253694415092,
    0.2342000788450241,
    0.2275330613553524,
    0.22215238332748413,
    0.2204245236515999,
    0.22293545365333556,
    0.2240586619824171,
    0.20362638991326093,
    0.21376651257276535,
    0.1954831899702549,
    0.21145298071205615,
    0.19526327952742575,
    0.19003273244947194,
    0.19208730518817901,
    0.16658001497387886,
    0.1744958932697773,
    0.1645544368494302,
    0.18052869707345962,
    0.1524333567917347,
    0.1602890037931502,
    0.16976721458137034,
    0.1569466690160334,
    0.16544441536068916,
    0.15395813278621062,
    0.14922736182808877,
    0.15677561614662408,
    0.14319818855961786,
    0.15048945542424919,
    0.13750529646873474,
    0.12821626050863416,
    0.12149563161190599,
    0.1527634307742119,
    0.16250077466946095,
    0.13569297820329665,
    0.13772707214578986,
    0.12434102850966156,
    0.1401979232719168,
    0.12258550079073757,
    0.12350330536253751,
    0.12011426942888648,
    0.12392861184664071,
    0.13827287814579903,
    0.12141122572124004,
    0.15720308102667332,
    0.11555705806240439,
    0.12083541363477707,
    0.1280485835671425,
    0.11149007287342101,
    0.12228954772232101,
    0.11682034915313125,
    0.11491044609807431,
    0.1120295289112255,
    0.11970065727829933,
    0.11489070069976151,
    0.10781009954400361,
    0.09979084932710976,
    0.10686462251935154,
    0.11108270474360324,
    0.11375198245048523,
    0.10727345641702414,
    0.11509175352752209,
    0.101055599860847,
    0.10169889360666275,
    0.10992764867842197,
    0.10025180291384458,
    0.08886959095485508,
    0.07906980480998754,
    0.08851555142988218,
    0.09433681197464466,
    0.10541044296929612,
    0.09687525305896998,
    0.08417118681594729,
    0.08205664817243814,
    0.0933753849612549,
    0.08214518206310459,
    0.056880561914294955,
    0.05141001595795387
  ],