{
  "step": [
    100,
    200,
    300,
    400,
    500,
    600,
    700,
    800,
    900,
    1000,
    1100,
    1200,
    1300,
    1400,
    1500,
    1600,
    1700,
    1800,
    1900,
    2000,
    2100,
    2200,
    2300,
    2400,
    2500,
    2600,
    2700,
    2800,
    2900,
    3000,
    3100,
    3200,
    3300,
    3400,
    3500,
    3600,
    3700,
    3800,
    3900,
    4000,
    4100,
    4200,
    4300,
    4400,
    4500,
    4600,
    4700,
    4800,
    4900,
    5000,
    5100,
    5200,
    5300,
    5400,
    5500,
    5600,
    5700,
    5800,
    5900,
    6000,
    6100,
    6200,
    6300,
    6400,
    6500,
    6600,
    6700,
    6800,
    6900,
    7000,
    7100,
    7200,
    7300,
    7400,
    7500,
    7600,
    7700,
    7800,
    7900,
    8000,
    8100
  ],
  "loss": [
    1.2913289535045624,
    0.6393049728870391,
    0.5584703674912452,
    0.4810408130288124,
    0.4606818300485611,
    0.42932111889123914,
    0.41332837045192716,
    0.3791753813624382,
    0.36692059338092803,
    0.3915916362404823,
    0.3534920183569193,
    0.33613711446523664,
    0.34904668301343916,
    0.3281672415137291,
    0.3269621342420578,
    0.31296990647912026,
    0.3040588672459126,
    0.29385025359690187,
    0.2922684510052204,
    0.28686061173677446,
    0.2782452201843262,
    0.26855331271886823,
    0.2686090731620789,
    0.29278548941016197,
    0.24988027051091194,
    0.23286067456007004,
    0.24941182151436805,
    0.2487202516198158,
    0.2580896158516407,
    0.27229061737656596,
    0.24664361551404,
    0.21375003330409525,
    0.242184661924839,
    0.2242904643714428,
    0.21863896034657956,
    0.22755198836326598,
    0.21595819130539895,
    0.21427565902471543,
    0.2045243028923869,
    0.20820456594228745,
    0.197226170450449,
    0.20737520962953568,
    0.1938480309396982,
    0.18213259886950253,
    0.19931499376893044,
    0.2147743885964155,
    0.19811387471854686,
    0.17976618874818087,
    0.19370534129440783,
    0.17798322971910238,
    0.16258753649890423,
    0.18639443576335907,
    0.18614111065864564,
    0.1823310934007168,
    0.18683912649750709,
    0.17892073214054108,
    0.1615868014842272,
    0.1782970764487982,
    0.16664774112403394,
    0.1888982731103897,
    0.15894971042871475,
    0.15545814692974091,
    0.17084685109555722,
    0.16798366233706474,
    0.1576746068149805,
    0.14297831527888774,
    0.16325257934629916,
    0.1805408514291048,
    0.1573515070974827,
    0.15311822943389417,
    0.14427554830908776,
    0.16408829212188722,
    0.1305814702808857,
    0.13382639952003955,
    0.12226014629006386,
    0.12368584387004375,
    0.13196837306022643,
    0.12433123596012592,
    0.13192065190523863,
    0.12534422188997268,
    0.1442025674879551
  ],
  "loss_x": [
    1.1553768422454596,
    0.10741942319087684,
    0.043382350536994636,
    0.012116408897563815,
    0.014620872891973703,
    0.009782660545315593,
    0.007643615517299623,
    0.00578995248884894,
    0.006512592080980539,
    0.008353571882471442,
    0.005683996417792514,
    0.005804957310901955,
    0.005796720721118618,
    0.004168088936130516,
    0.004041915810666978,
    0.004370521339005791,
    0.004717487859306857,
    0.003087690987158567,
    0.0031280663009965793,
    0.0028478492886642925,
    0.0038753401502617637,
    0.0032185548372217453,
    0.0033385826324229127,
    0.004267370120505803,
    0.0019920584089413752,
    0.0016980864363722503,
    0.0022714765288401394,
    0.0023369652303517796,
    0.002108660120284185,
    0.0032683679505134933,
    0.004043925395235419,
    0.0013454041931254324,
    0.0022165617876453323,
    0.003816643213503994,
    0.0029068415705114604,
    0.002596077957568923,
    0.0018014643342758063,
    0.0013173354120226577,
    0.002561281498565222,
    0.001548003198695369,
    0.001392750485392753,
    0.0024123636819422243,
    0.001712534820981091,
    0.0013000314446981066,
    0.0012153195614519063,
    0.002466214555170154,
    0.0011690385756082833,
    0.0011152069183299317,
    0.001460878379875794,
    0.001441506667615613,
    0.0010951344401109965,
    0.0012556422188936267,
    0.0015482652751961723,
    0.0012710323023202364,
    0.0019195228752505499,
    0.0014708788989810273,
    0.0007153098701382987,
    0.0011331017407792388,
    0.0017438513431989123,
    0.0017989079984545241,
    0.001178705649508629,
    0.0006484167596499901,
    0.0011500273013371042,
    0.0009976327764161397,
    0.0007543164861272089,
    0.0004651086570811458,
    0.0009696614797576331,
    0.0012668721938098315,
    0.00118116701109102,
    0.0010306167464295868,
    0.0006188139302685158,
    0.0010372080162051134,
    0.0007071098379674368,
    0.0006544603982183617,
    0.0003310104538104497,
    0.0006086005650286097,
    0.0008579978829220636,
    0.0011292427303851583,
    0.0005032804126676638,
    0.0005160255811279057,
    0.0012491966717061587
  ],
  "loss_u": [
    0.13595211227191611,
    0.5318855494260788,
    0.5150880163908005,
    0.46892440438270566,
    0.4460609571635723,
    0.41953845918178556,
    0.40568475514650343,
    0.37338542893528937,
    0.36040800154209135,
    0.3832380646467209,
    0.34780802263878285,
    0.33033215582370756,
    0.34324996203184127,
    0.32399915277957914,
    0.3229202192276716,
    0.30859938319772484,
    0.2993413795530796,
    0.29076256215572355,
    0.2891403847932816,
    0.284012763351202,
    0.2743698799423873,
    0.26533475756645203,
    0.2652704902365804,
    0.28851811930537224,
    0.24788821145892143,
    0.23116258829832076,
    0.2471403446793556,
    0.24638328656554223,
    0.25598095551133154,
    0.2690222491323948,
    0.2425996905565262,
    0.21240462874993682,
    0.23996810033917426,
    0.22047382036224009,
    0.2157321189227514,
    0.22495591074228286,
    0.2141567275300622,
    0.21295832321047783,
    0.20196302113123238,
    0.20665656358003617,
    0.19583341961726547,
    0.2049628457427025,
    0.19213549565523863,
    0.18083256787620486,
    0.19809967428445815,
    0.21230817455798387,
    0.1969448359310627,
    0.17865098136477173,
    0.19224446315318347,
    0.17654172335751356,
    0.16149240290746092,
    0.185138793066144,
    0.18459284469485282,
    0.18106006097048521,
    0.1849196033924818,
    0.17744985334575175,
    0.1608714909851551,
    0.17716397516429425,
    0.1649038900434971,
    0.1870993657410145,
    0.1577710048109293,
    0.15480972968041898,
    0.16969682343304157,
    0.16698602974414825,
    0.1569202909618616,
    0.1425132066011429,
    0.16228291779756546,
    0.17927397914230825,
    0.1561703400313854,
    0.15208761282265187,
    0.14365673512220384,
    0.1630510838329792,
    0.12987436056137086,
    0.13317193903028965,
    0.12192913629114628,
    0.12307724308222533,
    0.1311103753000498,
    0.12320199348032475,
    0.1314173710346222,
    0.12482819673605264,
    0.14295337110757828
  ],