{
  "step": [
    100,
    200,
    300,
    400,
    500,
    600,
    700,
    800,
    900,
    1000,
    1100,
    1200,
    1300,
    1400,
    1500,
    1600,
    1700,
    1800,
    1900,
    2000,
    2100,
    2200,
    2300,
    2400,
    2500,
    2600,
    2700,
    2800,
    2900,
    3000,
    3100,
    3200,
    3300,
    3400,
    3500,
    3600,
    3700,
    3800,
    3900,
    4000,
    4100,
    4200,
    4300,
    4400,
    4500,
    4600,
    4700,
    4800,
    4900,
    5000,
    5100,
    5200,
    5300,
    5400,
    5500,
    5600,
    5700,
    5800,
    5900,
    6000,
    6100,
    6200,
    6300,
    6400,
    6500,
    6600,
    6700,
    6800,
    6900,
    7000,
    7100,
    7200,
    7300,
    7400,
    7500,
    7600,
    7700,
    7800,
    7900,
    8000,
    8100
  ],
  "loss": [
    1.382816741168499,
    0.293240649998188,
    0.2852818988263607,
    0.27107205614447594,
    0.2500733693689108,
    0.2533644254505634,
    0.22301038525998593,
    0.25289991036057474,
    0.22483573898673057,
    0.23520198777318002,
    0.24211093988269566,
    0.22370582275092601,
    0.22016658678650855,
    0.21146587669849395,
    0.215498353689909,
    0.20821807995438577,
    0.19600389197468757,
    0.19892569854855538,
    0.19064407393336297,
    0.24242778107523918,
    0.18588259227573872,
    0.17877417705953122,
    0.1823996158875525,
    0.1759368073567748,
    0.18521284334361554,
    0.17873347595334052,
    0.1667160714790225,
    0.16696067303419113,
    0.17096693485975265,
    0.19352900639176368,
    0.17870880901813507,
    0.15341411430388688,
    0.14559196382761003,
    0.15867000557482241,
    0.15684622712433338,
    0.14968147236853838,
    0.16815172135829926,
    0.14535955972969533,
    0.14665406599640846,
    0.1398967807739973,
    0.1329861158877611,
    0.14442612886428832,
    0.1474939204752445,
    0.1476267123967409,
    0.15079609967768193,
    0.13613438658416271,
    0.15211732909083367,
    0.13904182270169257,
    0.1339126393571496,
    0.124958236515522,
    0.13453205153346062,
    0.12694619372487068,
    0.11586977127939463,
    0.12416717331856489,
    0.12497586198151112,
    0.12438515476882457,
    0.12196163453161717,
    0.1174009226821363,
    0.11376379065215587,
    0.11376906735822559,
    0.10635698847472667,
    0.11188116583973169,
    0.09094787178561091,
    0.08882608167827129,
    0.09908534416928888,
    0.09824170805513859,
    0.0912914889678359,
    0.10211735606193542,
    0.1013286698795855,
    0.12609108634293079,
    0.10341955706477166,
    0.12207072276622057,
    0.09531812895089388,
    0.0832619134709239,
    0.08144335847347975,
    0.10437359981238842,
    0.07622441250830889,
    0.0687961789034307,
    0.08773419320583344,
    0.0833163134381175,
    0.07126709442585706
  ],
  "loss_x": [
    1.3656088915467262,
    0.07305595946498215,
    0.02385318978689611,
    0.016656579526606947,
    0.008742005596868694,
    0.014196581500582396,
    0.0067687854752875865,
    0.010554019627161324,
    0.005380056209396571,
    0.00984807442408055,
    0.012593247584300115,
    0.005699738242547028,
    0.007413052130723372,
    0.004812374612083658,
    0.00561785910918843,
    0.0037578016123734413,
    0.005691828774288297,
    0.0034102811227785424,
    0.002262507049017586,
    0.016028695472050457,
    0.0037085273466072976,
    0.002392777687346097,
    0.0027769356899079865,
    0.0030713266477687285,
    0.0037943423274555245,
    0.002828726613079198,
    0.0018623179764836095,
    0.002316726607386954,
    0.002255933964333963,
    0.006600407859077677,
    0.003593368748552166,
    0.0018014535220572726,
    0.0013155828505114187,
    0.0022715285305457654,
    0.0023547413197229617,
    0.0023057711686124095,
    0.003287617937894538,
    0.0032242785976268353,
    0.0016726716664561536,
    0.0012782569194678217,
    0.0016296284296549856,
    0.0014850969696999527,
    0.001791480403044261,
    0.0017395993589161662,
    0.0020781316288048402,
    0.0016092210650094786,
    0.0031088529649423435,
    0.0015656637397478334,
    0.0013099797324684914,
    0.001146427324420074,
    0.0017900685568747576,
    0.0012022317323135212,
    0.001219381016198895,
    0.0014846344411489553,
    0.0012365264947584364,
    0.001111521991842892,
    0.0008181837525626179,
    0.0013041104339936282,
    0.0010518549046537374,
    0.0010823825030820443,
    0.0011814350880740676,
    0.0010897587102954276,
    0.0008571622997988015,
    0.000553096232979442,
    0.0007406865450320765,
    0.0005229065292951419,
    0.0007472498512652237,
    0.001238395781329018,
    0.0009877269140270073,
    0.0029006393725285306,
    0.0011550318928493653,
    0.0010184877060964936,
    0.0011211473614093847,
    0.0004584150089067407,
    0.0006533375027356669,
    0.0013162304847355699,
    0.0007621711712272372,
    0.000502533329781727,
    0.0009047382752760313,
    0.0008272707348442054,
    0.00042874722141277743
  ],
  "loss_u": [
    0.01720785573088506,
    0.22018469110131264,
    0.26142871016636493,
    0.2544154770672321,
    0.2413313633389771,
    0.23916784405708313,
    0.21624160033650697,
    0.24234589172527193,
    0.21945568276569247,
    0.22535391330718993,
    0.2295176921505481,
    0.2180060840398073,
    0.21275353491306304,
    0.20665350248571485,
    0.2098804946243763,
    0.2044602781161666,
    0.1903120632469654,
    0.195515417214483,
    0.1883815661072731,
    0.22639908418059349,
    0.18217406533658503,
    0.176381399363745,
    0.17962267981376498,
    0.1728654809575528,
    0.18141850158572198,
    0.1759047496318817,
    0.16485375344753264,
    0.1646439465880394,
    0.16871100097894667,
    0.18692859835457057,
    0.17511543998494744,
    0.1516126604564488,
    0.1442763804644346,
    0.15639847740530968,
    0.1544914861768484,
    0.14737570154480636,
    0.16486410297453402,
    0.14213528133928777,
    0.14498139457777143,
    0.13861852432601154,
    0.13135648734867572,
    0.14294103153049945,
    0.14570243939757346,
    0.14588711299002172,
    0.14871796749532223,
    0.13452516557648778,
    0.14900847688317298,
    0.13747615911997854,
    0.13260265979915858,
    0.12381180928554386,
    0.13274198308587074,
    0.125743961725384,
    0.11465039048809558,
    0.12268253936199472,
    0.1237393351830542,
    0.1232736323471181,
    0.12114345088601113,
    0.11609681233530864,
    0.11271193590946496,
    0.11268668482545763,
    0.10517555313184858,
    0.11079140693647788,
    0.09009070927742868,
    0.08827298531774432,
    0.09834465809748508,
    0.09771880153566599,
    0.09054423902183771,
    0.10087896037846804,
    0.10034094280330465,
    0.12319044686853886,
    0.10226452525705099,
    0.12105223517864942,
    0.09419698156416416,
    0.08280349854379893,
    0.08079002080485224,
    0.10305736918002367,
    0.07546224165707827,
    0.06829364536330104,
    0.08682945523411036,
    0.08248904287815094,
    0.07083834746445064
  ],