{
  "step": [
    100,
    200,
    300,
    400,
    500,
    600,
    700,
    800,
    900,
    1000,
    1100,
    1200,
    1300,
    1400,
    1500,
    1600,
    1700,
    1800,
    1900,
    2000
  ],
  "loss": [
    1.8999938225746156,
    1.6457873487472534,
    1.4981800949573516,
    1.4201374912261964,
    1.3468713760375977,
    1.299001044034958,
    1.2564976245164872,
    1.2093760120868682,
    1.1647092032432556,
    1.1198914068937302,
    1.0758640831708908,
    1.0536870002746581,
    1.0112101316452027,
    0.9630642062425614,
    0.9373349094390869,
    0.8811432492733001,
    0.8488080024719238,
    0.800853402018547,
    0.7635021060705185,
    0.7239850160479545
  ],
  "loss_x": [
    1.8999938225746156,
    1.6447371137142182,
    1.4934115099906922,
    1.412953200340271,
    1.3365903687477112,
    1.2869166469573974,
    1.2391765928268432,
    1.1901396799087525,
    1.141939772963524,
    1.0943835657835006,
    1.0452552098035812,
    1.0192209649086,
    0.9738064712285995,
    0.9247126984596252,
    0.8956834471225739,
    0.8358548945188522,
    0.7973822629451752,
    0.7483653092384338,
    0.7053015020489692,
    0.6652569249272346
  ],
  "loss_u": [
    0.0,
    0.0010502385625295574,
    0.0047685785362409664,
    0.007184295046317857,
    0.010281004447606393,
    0.012084399364539422,
    0.017321035619243048,
    0.019236334015149622,
    0.02276943323900923,
    0.025507838397752492,
    0.030608873693272472,
    0.0344660359621048,
    0.03740366296842694,
    0.03835151309147477,
    0.041651461804285646,
    0.0452883548848331,
    0.05142573745921254,
    0.05248809009790421,
    0.058200607597827914,
    0.05872809065505862
  ],
  "test_acc": [
    29.909999999999997,
    41.0,
    39.290000000000006,
    32.629999999999995,
    44.45,
    46.239999999999995,
    45.839999999999996,
    50.92,
    48.71,
    47.68,
    47.32,
    45.85,
    42.730000000000004,
    48.230000000000004,
    53.28000000000001,
    54.35,
    49.19,
    55.48,
    54.1,
    56.32
  ]
}