{
  "step": [
    100,
    200,
    300,
    400,
    500,
    600,
    700,
    800,
    900,
    1000,
    1100,
    1200,
    1300,
    1400,
    1500,
    1600,
    1700,
    1800,
    1900,
    2000
  ],
  "loss": [
    1.2512377601861955,
    0.4296427996456623,
    0.23686326056718826,
    0.2648887403309345,
    0.20739542797207833,
    0.2030345705151558,
    0.19595856189727784,
    0.1894059893488884,
    0.187286130040884,
    0.18699560031294823,
    0.1829094199091196,
    0.1818889164738357,
    0.17214299798011778,
    0.17580522060394288,
    0.1686876954138279,
    0.16846807312220335,
    0.15774441562592983,
    0.15813378497958183,
    0.15233670406043529,
    0.1495554766058922
  ],
  "loss_x": [
    1.2462754654884338,
    0.3552562952041626,
    0.1122040431201458,
    0.12764190185815097,
    0.048385712374001744,
    0.042967386897653344,
    0.0338356507755816,
    0.026994635155424475,
    0.02562293323688209,
    0.02320210412144661,
    0.02186770142056048,
    0.0183151572663337,
    0.015684349089860918,
    0.015311293210834265,
    0.012946946304291487,
    0.013208081731572747,
    0.010837192968465388,
    0.009968996564857661,
    0.008728664508089424,
    0.007911134851165116
  ],
  "loss_u": [
    0.004962293104363198,
    0.0743865054147318,
    0.12465921677649021,
    0.13724683862179518,
    0.1590097165107727,
    0.1600671834498644,
    0.16212291061878203,
    0.16241135373711585,
    0.1616631967574358,
    0.16379349626600742,
    0.1610417178273201,
    0.163573758401908,
    0.15645864821970462,
    0.16049392733722925,
    0.15574074868112803,
    0.155259992107749,
    0.1469072227180004,
    0.14816478833556176,
    0.14360803969204425,
    0.14164434235543014
  ],
  "test_acc": [
    32.24,
    34.599999999999994,
    34.72,
    35.74,
    36.809999999999995,
    37.49,
    36.66,
    38.019999999999996,
    37.89,
    36.370000000000005,
    38.68,
    36.7,
    35.47,
    40.42,
    37.46,
    38.29,
    39.34,
    40.699999999999996,
    39.73,
    41.08
  ]
}