{
  "step": [
    100,
    200,
    300,
    400,
    500,
    600,
    700,
    800,
    900,
    1000,
    1100,
    1200,
    1300,
    1400,
    1500,
    1600,
    1700,
    1800,
    1900,
    2000,
    2100,
    2200,
    2300,
    2400,
    2500,
    2600,
    2700,
    2800,
    2900,
    3000,
    3100,
    3200,
    3300,
    3400,
    3500,
    3600,
    3700,
    3800,
    3900,
    4000,
    4100,
    4200,
    4300,
    4400,
    4500,
    4600,
    4700,
    4800,
    4900,
    5000,
    5100,
    5200,
    5300,
    5400,
    5500,
    5600,
    5700,
    5800,
    5900,
    6000,
    6100,
    6200,
    6300,
    6400,
    6500,
    6600,
    6700,
    6800,
    6900,
    7000,
    7100,
    7200,
    7300
  ],
  "loss": [
    0.5361158423312008,
    0.22538262203335763,
    0.2295394669473171,
    0.2170317879319191,
    0.21151668697595596,
    0.20622105911374092,
    0.2186310237646103,
    0.20384518653154374,
    0.19575365677475928,
    0.17793458223342895,
    0.16169649824500085,
    0.16448589749634265,
    0.14761311016976833,
    0.1447237688302994,
    0.1348590998351574,
    0.15826112173497678,
    0.14956995248794555,
    0.19007369697093965,
    0.15363665968179702,
    0.12538373365998268,
    0.12185587465763092,
    0.12141563557088375,
    0.13174957707524299,
    0.11848964959383011,
    0.1180197399109602,
    0.11629619032144546,
    0.12251554474234581,
    0.12158106476068496,
    0.11814827486872673,
    0.11010556325316428,
    0.09459864813834429,
    0.09405600797384978,
    0.09470744289457798,
    0.09259245529770851,
    0.10402458287775516,
    0.08978748880326748,
    0.08847736816853286,
    0.09289825759828091,
    0.09653756123036146,
    0.09988094206899405,
    0.14217842813581227,
    0.1739862121641636,
    0.14476924579590558,
    0.1227897236123681,
    0.11266794573515654,
    0.11348451767116785,
    0.11107176456600427,
    0.12169452108442784,
    0.139183816537261,
    0.14824650645256043,
    0.13191793851554393,
    0.11994805943220854,
    0.1282416081428528,
    0.1181978066638112,
    0.10804487746208906,
    0.12909696742892265,
    0.10922805882990361,
    0.10123387593775987,
    0.11846638008952141,
    0.1163019185513258,
    0.10492550194263459,
    0.11340965710580349,
    0.10432814750820399,
    0.10095161788165569,
    0.09802421402186155,
    0.10269818298518657,
    0.10103385969996452,
    0.09940449493005872,
    0.11056517280638217,
    0.0930438555777073,
    0.0946966578066349,
    0.1027835176512599,
    0.10321593269705773
  ],
  "loss_x": [
    0.45652973497053606,
    0.01041709424695,
    0.009691413755062968,
    0.00549805641407147,
    0.0030087113135959954,
    0.004580401298590005,
    0.004111839680117555,
    0.0027002964593702927,
    0.0014527192438254133,
    0.0017080872858059593,
    0.0010922981897601859,
    0.0011382418358698487,
    0.0010997040540678426,
    0.0008475313080998603,
    0.001136663912620861,
    0.0013033757478115148,
    0.0015762545986217446,
    0.0038670128275407477,
    0.000706447040574858,
    0.0008514990434923675,
    0.0007799932986381464,
    0.0009287653524370399,
    0.000706314327326254,
    0.0008739046700065956,
    0.0007975692773470655,
    0.0007509682537056505,
    0.0009015469071164262,
    0.0008942078835389111,
    0.0007182393668335863,
    0.0006933735258644447,
    0.0004992130122263915,
    0.0005934671464638086,
    0.0003665320798609173,
    0.000590718735329574,
    0.0006972921936539933,
    0.0005699755247042049,
    0.0003633748491847655,
    0.0005310310493950965,
    0.0005118919919186737,
    0.0008392479689791799,
    0.00852872487012064,
    0.005331230242736637,
    0.0009771872256533242,
    0.0007906140008708462,
    0.00046913076483178883,
    0.0005886342815938406,
    0.0006738728811615147,
    0.0006957304640673101,
    0.0014961995651538017,
    0.0016391057331929914,
    0.0006974842373165302,
    0.0009011284050939139,
    0.0006568607792723924,
    0.00045440671747201125,
    0.0005269301816588268,
    0.0007733399637800175,
    0.000503529484703904,
    0.0003912122158362763,
    0.0007772432256024331,
    0.0007193271284631919,
    0.0003978501340316143,
    0.0005728764184459578,
    0.0003830030649260152,
    0.0003921246987010818,
    0.0005499918521672953,
    0.0004922896210337057,
    0.0006517979997443035,
    0.0004812031903566094,
    0.0005582977291487623,
    0.0004883716005133465,
    0.0003173910977784544,
    0.0004956864792620763,
    0.00047958144728909246
  ],
  "loss_u": [
    0.0795861074293498,
    0.2149655270576477,
    0.2198480524122715,
    0.21153373166918754,
    0.2085079763829708,
    0.20164065882563592,
    0.21451918452978133,
    0.20114489048719406,
    0.19430093735456466,
    0.17622649490833284,
    0.16060420036315917,
    0.16334765560925008,
    0.14651340641081334,
    0.14387623764574528,
    0.13372243523597718,
    0.15695774637162685,
    0.14799369759857656,
    0.18620668426156045,
    0.15293021254241468,
    0.12453223496675492,
    0.12107588112354278,
    0.12048686996102333,
    0.1310432631522417,
    0.11761574510484935,
    0.1172221703082323,
    0.11554522193968296,
    0.12161399766802788,
    0.12068685673177243,
    0.11743003584444522,
    0.10941218938678503,
    0.09409943457692861,
    0.09346254039555787,
    0.09434091113507748,
    0.09200173668563366,
    0.10332729052752257,
    0.08921751338988543,
    0.08811399336904287,
    0.09236722655594348,
    0.09602566916495561,
    0.09904169380664825,
    0.13364970307797194,
    0.16865498155355454,
    0.14379205863922834,
    0.12199910987168551,
    0.11219881545752287,
    0.11289588376879692,
    0.1103978917375207,
    0.12099879086017609,
    0.1376876162737608,
    0.14660740092396737,
    0.13122045435011387,
    0.11904693126678467,
    0.1275847477838397,
    0.11774339947849512,
    0.10751794673502445,
    0.12832362771034242,
    0.10872452914714813,
    0.10084266375750303,
    0.1176891366392374,
    0.1155825912207365,
    0.10452765136957169,
    0.11283678077161312,
    0.1039451439678669,
    0.10055949311703444,
    0.09747422162443399,
    0.10220589347183705,
    0.10038206167519093,
    0.09892329126596451,
    0.11000687539577485,
    0.09255548395216465,
    0.09437926661223173,
    0.10228783156722784,
    0.10273635119199753
  ],
  "test_acc": [
    14.02,
    13.59,
    18.69,
    18.57,
    16.150000000000002,
    13.59,
    20.89,
    19.7,
    18.11,
    17.73,
    16.009999999999998,
    17.990000000000002,
    14.099999999999998,
    16.0,
    17.27,
    17.810000000000002,
    18.6,
    17.73,
    16.900000000000002,
    15.190000000000001,
    17.89,
    19.03,
    16.75,
    15.86,
    15.959999999999999,
    15.659999999999998,
    16.919999999999998,
    15.440000000000001,
    14.719999999999999,
    15.03,
    14.78,
    16.77,
    14.97,
    16.12,
    16.5,
    16.49,
    16.97,
    18.12,
    16.82,
    16.009999999999998,
    20.349999999999998,
    23.73,
    22.25,
    23.32,
    24.79,
    22.48,
    21.63,
    19.38,
    24.279999999999998,
    26.27,
    25.69,
    21.33,
    28.53,
    25.419999999999998,
    24.88,
    27.810000000000002,
    25.53,
    26.619999999999997,
    27.589999999999996,
    27.71,
    28.04,
    21.72,
    23.1,
    26.16,
    28.299999999999997,
    26.39,
    27.939999999999998,
    28.71,
    24.959999999999997,
    27.72,
    29.21,
    26.87,
    27.66
  ]
}