{
  "step": [
    100,
    200,
    300,
    400,
    500,
    600,
    700,
    800,
    900,
    1000,
    1100,
    1200,
    1300,
    1400,
    1500,
    1600,
    1700,
    1800,
    1900,
    2000
  ],
  "loss": [
    0.5411844244599342,
    0.1880221836268902,
    0.18727532856166362,
    0.148346146941185,
    0.12986567296087742,
    0.1789207163453102,
    0.2017491041123867,
    0.1633937342464924,
    0.14202462688088416,
    0.1414627042412758,
    0.15070332467556,
    0.14235719978809358,
    0.13768294088542463,
    0.1293155849725008,
    0.12445294298231602,
    0.13477461494505405,
    0.14943040899932383,
    0.14068253725767135,
    0.14217879049479962,
    0.13475306779146196
  ],
  "loss_x": [
    0.4480609462596476,
    0.0173602790851146,
    0.011555120791308581,
    0.008161428947933019,
    0.005502495761029422,
    0.008020518091507256,
    0.010934111489914357,
    0.006673987105023116,
    0.004445731728337705,
    0.0024591646052431314,
    0.003590954861138016,
    0.0025210871559102088,
    0.0024905650049913673,
    0.002092115815030411,
    0.0016990181116852908,
    0.0018394573300611228,
    0.0026927622244693338,
    0.0014215627661906182,
    0.0009661567478906363,
    0.000891950509394519
  ],
  "loss_u": [
    0.09312347760300327,
    0.17066190406680107,
    0.1757202072441578,
    0.14018471829593182,
    0.1243631773069501,
    0.1709001984447241,
    0.1908149929344654,
    0.15671974763274193,
    0.1375788950175047,
    0.1390035393834114,
    0.14711237005889416,
    0.1398361125588417,
    0.1351923757791519,
    0.12722346879541874,
    0.12275392513722182,
    0.13293515749275683,
    0.14673764660954475,
    0.13926097452640535,
    0.14121263355016708,
    0.13386111766099928
  ],
  "test_acc": [
    14.46,
    18.26,
    15.8,
    15.2,
    16.57,
    16.48,
    16.5,
    15.53,
    15.260000000000002,
    18.16,
    15.5,
    17.849999999999998,
    16.82,
    16.12,
    16.64,
    14.71,
    15.950000000000001,
    18.11,
    17.97,
    16.63
  ]
}