{
  "step": [
    100,
    200,
    300,
    400,
    500,
    600,
    700,
    800,
    900,
    1000,
    1100,
    1200,
    1300,
    1400,
    1500,
    1600,
    1700,
    1800,
    1900,
    2000
  ],
  "loss": [
    0.4606032297760248,
    0.13112822130322457,
    0.14444168739020824,
    0.13668432377278805,
    0.14756812632083893,
    0.1553107711672783,
    0.14995081834495066,
    0.16337167300283909,
    0.15186795964837074,
    0.14457344323396681,
    0.15408567599952222,
    0.14627383910119535,
    0.1644968419522047,
    0.14126453980803488,
    0.14368737205863,
    0.1432654231786728,
    0.1358972330763936,
    0.122824379876256,
    0.13775187976658343,
    0.14675449810922145
  ],
  "loss_x": [
    0.40763976899906995,
    0.02471845650114119,
    0.0193519985396415,
    0.014686375493183731,
    0.014397684736177325,
    0.01303263175766915,
    0.01136740372981876,
    0.010329477800987662,
    0.009182016351260244,
    0.00772249806439504,
    0.007988394014537334,
    0.006619236508850008,
    0.0074763145158067345,
    0.005427412018179894,
    0.005296628309879452,
    0.005590909523889422,
    0.004053418652620167,
    0.002832925356924534,
    0.003631315496750176,
    0.005484205652028323
  ],
  "loss_u": [
    0.05296346029586857,
    0.1064097649231553,
    0.12508968830108644,
    0.1219979476556182,
    0.13317044138908385,
    0.14227813974022865,
    0.1385834153369069,
    0.1530421954393387,
    0.1426859436929226,
    0.13685094628483058,
    0.14609728194773197,
    0.13965460263192653,
    0.15702052757143975,
    0.13583712741732598,
    0.13839074343442917,
    0.1376745142787695,
    0.13184381470084192,
    0.11999145440757275,
    0.13412056379020215,
    0.1412702928483486
  ],
  "test_acc": [
    20.97,
    19.18,
    19.38,
    20.95,
    21.92,
    22.48,
    22.1,
    21.19,
    22.88,
    18.240000000000002,
    18.65,
    22.27,
    21.95,
    20.96,
    21.59,
    20.91,
    21.33,
    21.0,
    20.549999999999997,
    22.650000000000002
  ]
}