{
  "step": [
    100,
    200,
    300,
    400,
    500,
    600,
    700,
    800,
    900,
    1000,
    1100,
    1200,
    1300,
    1400,
    1500,
    1600,
    1700,
    1800,
    1900,
    2000,
    2100,
    2200,
    2300,
    2400,
    2500,
    2600,
    2700,
    2800,
    2900,
    3000,
    3100,
    3200,
    3300,
    3400,
    3500,
    3600,
    3700,
    3800,
    3900,
    4000,
    4100,
    4200,
    4300,
    4400,
    4500,
    4600,
    4700,
    4800,
    4900,
    5000,
    5100,
    5200,
    5300,
    5400,
    5500,
    5600,
    5700,
    5800,
    5900,
    6000,
    6100,
    6200,
    6300,
    6400,
    6500,
    6600,
    6700,
    6800,
    6900,
    7000,
    7100,
    7200,
    7300,
    7400,
    7500,
    7600,
    7700,
    7800,
    7900,
    8000,
    8100
  ],
  "loss": [
    1.9788188099861146,
    1.6872130572795867,
    1.4586623644828796,
    1.2879993396997451,
    1.1532265150547027,
    1.026408547759056,
    0.9452087908983231,
    0.7942966902256012,
    0.7166462689638138,
    0.6519132575392723,
    0.5514039298892022,
    0.44573050647974016,
    0.39398816257715225,
    0.3375434722006321,
    0.3016944305598736,
    0.2644423930346966,
    0.2492852434515953,
    0.23416508629918098,
    0.2515252800285816,
    0.3471508887410164,
    0.37868447810411454,
    0.27099067226052287,
    0.2081700925529003,
    0.20405588254332543,
    0.1856611429154873,
    0.1960900442302227,
    0.17457842238247395,
    0.1935053439438343,
    0.17800117947161198,
    0.1593030109256506,
    0.2269521400332451,
    0.22336166381835937,
    0.23797820195555686,
    0.17058591783046723,
    0.1465343826264143,
    0.14930957891047,
    0.15431234866380691,
    0.15351217485964297,
    0.19270142041146754,
    0.22926086388528347,
    0.15133118018507957,
    0.11398918829858302,
    0.09952615462243557,
    0.09616657841950654,
    0.15996760729700327,
    0.15899019993841648,
    0.12927675671875477,
    0.15795315705239774,
    0.1329093886166811,
    0.10989590473473072,
    0.09127040822058916,
    0.08241003770381213,
    0.10070653740316629,
    0.11889473587274552,
    0.11231132857501507,
    0.09213048659265041,
    0.07850272335112095,
    0.07491060048341751,
    0.0824749356880784,
    0.10569448802620172,
    0.08260393109172583,
    0.08049378113821148,
    0.07220582054927945,
    0.07418044235557318,
    0.07558108113706112,
    0.07910342764109374,
    0.07796668149530887,
    0.06442254222929478,
    0.06935564398765565,
    0.07372167456895112,
    0.06237471805885434,
    0.04844406859949231,
    0.05188926998525858,
    0.05400554772466421,
    0.05806484019383788,
    0.055841285064816476,
    0.048953923899680375,
    0.05061093684285879,
    0.0547490630671382,
    0.0373176427744329,
    0.04026460499502718
  ],
  "loss_x": [
    1.9786328268051148,
    1.6867608273029326,
    1.4560422760248184,
    1.2652649420499802,
    1.1025319212675095,
    0.946888217329979,
    0.8258556404709816,
    0.6267517957091332,
    0.503000618815422,
    0.40500068202614786,
    0.256927300170064,
    0.14674290604889392,
    0.06736892016604543,
    0.041438815826550124,
    0.028115900265984237,
    0.017228752938099206,
    0.014739835197106003,
    0.015623916047625244,
    0.02122907866258174,
    0.0770510930288583,
    0.09057909481227398,
    0.030631165439262985,
    0.011858846109826118,
    0.014815602685557679,
    0.010739093530573882,
    0.014442126487847418,
    0.009879394333111122,
    0.014093473622342572,
    0.007642462029471062,
    0.0099432998575503,
    0.025969831142574548,
    0.02800348704215139,
    0.029511363075580447,
    0.01236436449107714,
    0.0064710726993507705,
    0.007458229678450152,
    0.00861655914108269,
    0.008766981691587716,
    0.020995429988252,
    0.03163834509323351,
    0.007569646851625294,
    0.0035457069042604417,
    0.0019263934440095908,
    0.002782906120410189,
    0.015331039784941823,
    0.010278399353264831,
    0.009001598426839336,
    0.013782564390567131,
    0.007401334445748944,
    0.004068407300801482,
    0.0030309821161790752,
    0.001999456042249221,
    0.004351910002878867,
    0.007424510513665154,
    0.004976568458951078,
    0.0033406107290647924,
    0.001787601980031468,
    0.0012349505738529843,
    0.003301632465154398,
    0.005457161770900712,
    0.002621571911731735,
    0.0024562181986402722,
    0.0019111351782339625,
    0.0021469548068125733,
    0.003316739207075443,
    0.002920647715218365,
    0.0034609368324163368,
    0.0016069986500951926,
    0.0030485832647536883,
    0.003956385462952312,
    0.001361557948112022,
    0.0009843345859553666,
    0.0018747051953687333,
    0.0014023003567126579,
    0.0014729326841188594,
    0.002097121215920197,
    0.0009194716392084956,
    0.001244383077864768,
    0.0023076936940196902,
    0.001025827749981545,
    0.0009977604698360664
  ],
  "loss_u": [
    0.0001859831006731838,
    0.00045222884786198846,
    0.0026200875029098823,
    0.02273440354503691,
    0.05069459122605622,
    0.0795203304104507,
    0.1193531521782279,
    0.16754489477723836,
    0.21364565327763557,
    0.24691257759928703,
    0.29447662994265555,
    0.29898759856820106,
    0.3266192424297333,
    0.29610465601086616,
    0.27357853069901467,
    0.24721364066004753,
    0.23454540818929673,
    0.21854117035865783,
    0.23029620096087455,
    0.2700997978448868,
    0.2881053841114044,
    0.24035950616002083,
    0.19631124682724477,
    0.18924028150737285,
    0.17492204919457435,
    0.18164791762828827,
    0.16469902873039247,
    0.17941187039017678,
    0.1703587169200182,
    0.1493597111850977,
    0.20098230883479118,
    0.19535817548632622,
    0.20846683874726296,
    0.1582215540856123,
    0.1400633092224598,
    0.14185134910047054,
    0.14569578990340232,
    0.14474519342184067,
    0.17170599043369295,
    0.19762251809239387,
    0.1437615330144763,
    0.11044348176568747,
    0.09759976103901863,
    0.09338367227464914,
    0.14463656775653363,
    0.14871180094778538,
    0.12027515888214112,
    0.14417059279978275,
    0.12550805382430552,
    0.10582749724388123,
    0.08823942601680755,
    0.08041058152914048,
    0.09635462742298842,
    0.11147022485733032,
    0.1073347594588995,
    0.08878987565636635,
    0.0767151216417551,
    0.07367565009742975,
    0.07917330339550972,
    0.10023732606321573,
    0.07998235892504453,
    0.07803756272420287,
    0.07029468523338438,
    0.07203348727896809,
    0.07226434204727411,
    0.07618278004229069,
    0.07450574461370707,
    0.06281554354354739,
    0.06630706060677767,
    0.06976528918370604,
    0.061013160087168214,
    0.04745973410084844,
    0.050014564702287316,
    0.0526032476965338,
    0.05659190740436316,
    0.053744163308292625,
    0.04803445219993591,
    0.0493665536865592,
    0.052441369388252494,
    0.036291815154254434,
    0.039266844568774106
  ],