{
  "step": [
    100,
    200,
    300,
    400,
    500,
    600,
    700,
    800,
    900,
    1000,
    1100,
    1200,
    1300,
    1400,
    1500,
    1600,
    1700,
    1800,
    1900,
    2000,
    2100,
    2200,
    2300,
    2400,
    2500,
    2600,
    2700,
    2800,
    2900,
    3000,
    3100,
    3200,
    3300,
    3400,
    3500,
    3600,
    3700,
    3800,
    3900,
    4000
  ],
  "loss": [
    1.9188837885856629,
    1.5948851144313811,
    1.414260824918747,
    1.2864863973855973,
    1.1948637568950653,
    1.0914909720420838,
    1.0290871787071227,
    0.9564614015817642,
    0.9029546332359314,
    0.8637495583295822,
    0.7897760623693466,
    0.7569686758518219,
    0.7108049139380455,
    0.6781622251868248,
    0.6544452205300331,
    0.6074826496839524,
    0.5819830885529518,
    0.5688021579384803,
    0.5203968939185143,
    0.4957493948936462,
    0.47625545114278794,
    0.4755758747458458,
    0.4430200985074043,
    0.4264871194958687,
    0.4056288561224937,
    0.3732212153077126,
    0.38026090621948244,
    0.3668465565145016,
    0.3473882332444191,
    0.3263515420258045,
    0.3173776230216026,
    0.31434170380234716,
    0.2974944978952408,
    0.28699276387691497,
    0.27606693640351293,
    0.27177402570843695,
    0.2770042313635349,
    0.2697225992381573,
    0.26273037388920784,
    0.2559037485718727
  ],
  "loss_x": [
    1.9187745356559753,
    1.5945756185054778,
    1.4089469194412232,
    1.2750171142816544,
    1.1626638758182526,
    1.0396538186073303,
    0.9651929277181626,
    0.8801339429616928,
    0.814126564860344,
    0.7672268068790435,
    0.6730717885494232,
    0.6376480710506439,
    0.5745588582754135,
    0.5348036929965019,
    0.49527633637189866,
    0.4367730490863323,
    0.4005619965493679,
    0.38142445251345636,
    0.3238900947570801,
    0.29141089200973513,
    0.25756126396358014,
    0.25236558355391026,
    0.22015437863767148,
    0.19017162591218947,
    0.15948047131299972,
    0.132702745385468,
    0.12706708818674087,
    0.1179824411123991,
    0.09169122604653239,
    0.07187836897559464,
    0.06023338800296187,
    0.05532385106664151,
    0.038824260481633247,
    0.035719247283414,
    0.029845574182691053,
    0.02219344405690208,
    0.02496804246213287,
    0.0240867639798671,
    0.020533265240956097,
    0.01780781611101702
  ],
  "loss_u": [
    0.00010925333881459665,
    0.0003094969144331117,
    0.005313906486262568,
    0.011469283544865903,
    0.032199875488877296,
    0.051837151339277625,
    0.06389424931257963,
    0.07632745895534754,
    0.08882806751877069,
    0.09652274955064058,
    0.11670427240431308,
    0.11932060286402703,
    0.1362460559606552,
    0.14335852928459644,
    0.15916888184845449,
    0.17070960208773614,
    0.181421093121171,
    0.18737770915031432,
    0.19650679871439933,
    0.2043385024368763,
    0.21869418457150458,
    0.22321028932929038,
    0.2228657189011574,
    0.23631549298763274,
    0.24614838346838952,
    0.2405184718966484,
    0.25319381967186927,
    0.24886411562561989,
    0.2556970097124577,
    0.2544731736183167,
    0.25714423567056655,
    0.259017853140831,
    0.2586702384054661,
    0.25127351671457293,
    0.24622136235237121,
    0.24958058074116707,
    0.2520361888408661,
    0.24563583552837373,
    0.24219710856676102,
    0.2380959315598011
  ],
  "test_acc": [
    31.47,
    43.580000000000005,
    44.800000000000004,
    47.08,
    49.11,
    50.0,
    57.56,
    55.7,
    62.79,
    56.279999999999994,
    67.04,
    65.45,
    65.82000000000001,
    67.47999999999999,
    72.16,
    70.03,
    71.52,
    72.34,
    71.98,
    73.7,
    73.61999999999999,
    74.13,
    71.41,
    76.64999999999999,
    75.27000000000001,
    75.18,
    76.55999999999999,
    76.27000000000001,
    77.91,
    78.94,
    78.53999999999999,
    79.02,
    80.12,
    80.16,
    80.97999999999999,
    81.04,
    81.89999999999999,
    81.45,
    81.62,
    82.16
  ]
}