{
  "step": [
    100,
    200,
    300,
    400,
    500,
    600,
    700,
    800,
    900,
    1000,
    1100,
    1200,
    1300,
    1400,
    1500,
    1600,
    1700,
    1800,
    1900,
    2000,
    2100,
    2200,
    2300,
    2400,
    2500,
    2600,
    2700,
    2800,
    2900,
    3000,
    3100,
    3200,
    3300,
    3400,
    3500,
    3600,
    3700,
    3800,
    3900,
    4000,
    4100,
    4200,
    4300,
    4400,
    4500,
    4600,
    4700,
    4800,
    4900,
    5000,
    5100,
    5200,
    5300,
    5400,
    5500,
    5600,
    5700,
    5800,
    5900,
    6000,
    6100,
    6200,
    6300,
    6400,
    6500,
    6600,
    6700,
    6800,
    6900,
    7000,
    7100,
    7200,
    7300,
    7400,
    7500,
    7600,
    7700,
    7800,
    7900,
    8000,
    8100
  ],
  "loss": [
    1.9693725025653839,
    1.6546738743782043,
    1.4597570145130156,
    1.2966789889335633,
    1.186554461121559,
    1.0758906465768814,
    0.9455429059267044,
    0.8595085906982421,
    0.7382285445928574,
    0.670162187218666,
    0.5535274067521095,
    0.4944997039437294,
    0.4134116566181183,
    0.34441081196069717,
    0.3288794678449631,
    0.2971649558842182,
    0.2846008986234665,
    0.2639561077952385,
    0.2460106335580349,
    0.24199434921145438,
    0.22699921570718287,
    0.2710579323768616,
    0.33803904712200167,
    0.2785039211809635,
    0.21963188126683236,
    0.18182987160980701,
    0.2414723478257656,
    0.2234230586886406,
    0.19920254334807397,
    0.19899178154766559,
    0.19626228637993337,
    0.16770144023001193,
    0.14532904595136642,
    0.16602544374763967,
    0.18293652534484864,
    0.2393364842236042,
    0.22493062898516655,
    0.16894177354872228,
    0.12462881043553352,
    0.13894747480750083,
    0.1174115514755249,
    0.15966296784579753,
    0.13559565126895903,
    0.1677132834494114,
    0.13175161011517048,
    0.1164738405495882,
    0.1132442096620798,
    0.11222921691834926,
    0.11329745914787054,
    0.10377743180841208,
    0.11092787027359009,
    0.09775681592524052,
    0.0957107600197196,
    0.11104861516505479,
    0.10200532414019108,
    0.08321348793804645,
    0.07944984827190638,
    0.10779270727187396,
    0.10588645119220018,
    0.09568888667970896,
    0.09037924110889435,
    0.10084759380668401,
    0.07961672492325306,
    0.07590337418019771,
    0.066573686003685,
    0.08229311350733041,
    0.07056274689733982,
    0.07690566383302212,
    0.06966296343132854,
    0.05668968915939331,
    0.07173099709674716,
    0.07299023127183318,
    0.06663496209308505,
    0.05210452310740948,
    0.05700722547248006,
    0.04042744683101773,
    0.05444069927558303,
    0.053817550837993625,
    0.048332315469160676,
    0.047516231425106525,
    0.044258435042575005
  ],
  "loss_x": [
    1.969296942949295,
    1.6543795812129973,
    1.4558518135547638,
    1.2755680549144746,
    1.1417399394512175,
    0.9970699787139893,
    0.8312863147258759,
    0.7041957089304924,
    0.5372455996274949,
    0.42569475024938586,
    0.2672594845294952,
    0.17672336731106042,
    0.09086171839386224,
    0.04527146130800247,
    0.03583402103744447,
    0.02698273763526231,
    0.026022999030537904,
    0.021558331988053396,
    0.01701255949214101,
    0.014991792084183544,
    0.015391757261240854,
    0.03454398312140256,
    0.06722826994024217,
    0.03598818404134363,
    0.01499229482957162,
    0.010181010888773016,
    0.029312331393593922,
    0.02275242016185075,
    0.014475782370427624,
    0.01677545865997672,
    0.015118703522020951,
    0.007505250691319815,
    0.006602752612670884,
    0.013761335356684867,
    0.014995577344670892,
    0.030285947241354735,
    0.02607332048472017,
    0.010323206543107517,
    0.004277234025066718,
    0.005872313038853463,
    0.003829524076063535,
    0.013591009927913546,
    0.008628398629080039,
    0.014049474537314382,
    0.006546069503528997,
    0.004067074111371766,
    0.004523325004265643,
    0.003998795580409933,
    0.004884919280884787,
    0.0030700570903718473,
    0.004416837072058115,
    0.0038161328788555693,
    0.0026813577461871317,
    0.0041069981048349295,
    0.004381251287704799,
    0.0021002785746532028,
    0.0025181780985440126,
    0.005251230634457898,
    0.004269641392747872,
    0.00371248426308739,
    0.004440527529804967,
    0.008085644421807956,
    0.0027950314173358494,
    0.001635448161396198,
    0.001779584301621071,
    0.005153357850795146,
    0.0022294644072826486,
    0.002521209842234384,
    0.0014888297245488503,
    0.0011755925079341978,
    0.001929152338707354,
    0.0033718622353626415,
    0.0025778420831193216,
    0.0010103952782446867,
    0.001838100789755117,
    0.000642298286256846,
    0.0019526328341453337,
    0.0012453892326448114,
    0.0010593751694250387,
    0.0011904571048216893,
    0.0012019899753795472
  ],
  "loss_u": [
    7.555903401225806e-05,
    0.0002942895148589741,
    0.0039052026330682566,
    0.02111093864965369,
    0.0448145208414644,
    0.07882066618651151,
    0.11425658941268921,
    0.15531288169324398,
    0.20098294585943222,
    0.24446743845939636,
    0.2862679213285446,
    0.31777633547782896,
    0.32254993796348574,
    0.299139351695776,
    0.29304544642567637,
    0.27018221616745,
    0.2585779006779194,
    0.24239777505397797,
    0.22899807453155518,
    0.22700255692005158,
    0.21160745814442636,
    0.23651394948363305,
    0.2708107767999172,
    0.2425157371163368,
    0.20463958546519279,
    0.17164886131882667,
    0.21216001629829406,
    0.20067063897848128,
    0.18472676046192646,
    0.18221632182598113,
    0.18114358246326445,
    0.16019618980586528,
    0.13872629284858704,
    0.15226410768926144,
    0.167940948754549,
    0.20905053853988648,
    0.19885730877518654,
    0.1586185669153929,
    0.12035157553851604,
    0.1330751621350646,
    0.11358202744275331,
    0.1460719573497772,
    0.1269672529399395,
    0.15366380907595156,
    0.1252055399864912,
    0.1124067660048604,
    0.10872088499367237,
    0.10823042191565037,
    0.10841253977268935,
    0.1007073750346899,
    0.10651103302836418,
    0.09394068334251643,
    0.09302940227091312,
    0.10694161683320999,
    0.09762407276779413,
    0.08111320875585079,
    0.07693167015910149,
    0.10254147656261921,
    0.10161680966615677,
    0.09197640277445317,
    0.08593871340155601,
    0.09276194959878921,
    0.07682169338688255,
    0.07426792573183776,
    0.0647941019758582,
    0.07713975556194783,
    0.06833328239619732,
    0.07438445396721363,
    0.06817413356155157,
    0.05551409680396319,
    0.06980184474959969,
    0.06961836900562048,
    0.06405711974948644,
    0.05109412781894207,
    0.055169124621897936,
    0.039785148445516824,
    0.052488066544756296,
    0.052572161545977,
    0.047272940380498764,
    0.04632577437907457,
    0.04305644541978836
  ],